team,number,miles,person,penalty,speed,capacity,external,completion,derate,total-ext,score
App State,828,229.95,459.90,0.00,30.03,22.47,0.00,100.00,1.00,22.47,20.47
Poly Montreal,55,122.85,245.70,0.00,32.80,9.16,0.00,53.42,1.00,9.16,14.33
Minnesota,35,141.75,283.50,0.00,31.40,23.33,0.00,61.64,1.00,23.33,7.49
Iowa State,9,34.65,69.30,12.60,25.98,17.64,0.00,9.59,0.03,17.64,0.01
MIT,4,0.00,0.00,0.00,,,0.00,0.00,1.00,,0.00
Georgia Tech,49,0.00,0.00,0.00,,,0.00,0.00,1.00,,0.00
Western Ontario,96,0.00,0.00,0.00,,,0.00,0.00,1.00,,0.00
McMaster,116,0.00,0.00,0.00,,,0.00,0.00,1.00,,0.00
modified,17 Jul 2024 - 08:31AM Central Daylight Time,,,,,,,,,,
